id,name,author_id,status,created_at,merged_at
pr-test_backend-open-1-dp5gjl,PR 1 for test_backend,tb1,OPEN,2025-10-26T23:11:54Z,NULL
pr-test_backend-open-2-b8ic8b,PR 2 for test_backend,tb9,OPEN,2025-11-15T05:57:54Z,NULL
pr-test_backend-open-3-8qjnv8,PR 3 for test_backend,tb10,OPEN,2025-10-14T23:12:54Z,NULL
pr-test_backend-open-4-7hv3iz,PR 4 for test_backend,tb7,OPEN,2025-11-02T22:26:54Z,NULL
pr-test_backend-open-5-cxaprp,PR 5 for test_backend,tb6,OPEN,2025-10-31T04:14:54Z,NULL
pr-test_backend-open-6-p0j43d,PR 6 for test_backend,tb8,OPEN,2025-10-27T03:27:54Z,NULL
pr-test_backend-open-7-mjkv5u,PR 7 for test_backend,tb4,OPEN,2025-10-24T03:33:54Z,NULL
pr-test_backend-open-8-qakoix,PR 8 for test_backend,tb8,OPEN,2025-10-30T20:46:54Z,NULL
pr-test_backend-merged-1-lizl08,Merged PR 1 for test_backend,tb5,MERGED,2025-10-24T09:50:54Z,2025-10-25T10:50:54Z
pr-test_backend-merged-2-igatj9,Merged PR 2 for test_backend,tb5,MERGED,2025-10-29T13:50:54Z,2025-10-30T06:50:54Z
pr-test_backend-merged-3-m8j5ec,Merged PR 3 for test_backend,tb8,MERGED,2025-11-01T06:50:54Z,2025-11-01T13:50:54Z
pr-test_backend-merged-4-n6kvpu,Merged PR 4 for test_backend,tb9,MERGED,2025-11-14T07:50:54Z,2025-11-14T20:50:54Z
pr-team_1-open-1-caqvki,PR 1 for team_1,u1_9,OPEN,2025-10-15T11:39:54Z,NULL
pr-team_1-open-2-eifjfc,PR 2 for team_1,u1_7,OPEN,2025-11-02T15:51:54Z,NULL
pr-team_1-open-3-z7srcb,PR 3 for team_1,u1_5,OPEN,2025-10-27T23:57:54Z,NULL
pr-team_1-open-4-u1gspk,PR 4 for team_1,u1_5,OPEN,2025-10-21T00:30:54Z,NULL
pr-team_1-open-5-ldforx,PR 5 for team_1,u1_6,OPEN,2025-10-29T10:26:54Z,NULL
pr-team_1-open-6-8os9xt,PR 6 for team_1,u1_2,OPEN,2025-10-28T20:28:54Z,NULL
pr-team_1-open-7-ht7pze,PR 7 for team_1,u1_1,OPEN,2025-10-18T23:41:54Z,NULL
pr-team_1-open-8-i4e8xf,PR 8 for team_1,u1_2,OPEN,2025-10-15T01:07:54Z,NULL
pr-team_1-merged-1-tn7s55,Merged PR 1 for team_1,u1_8,MERGED,2025-11-06T06:50:54Z,2025-11-08T02:50:54Z
pr-team_1-merged-2-qrl1n7,Merged PR 2 for team_1,u1_3,MERGED,2025-10-19T02:50:54Z,2025-10-20T09:50:54Z
pr-team_1-merged-3-nx39rb,Merged PR 3 for team_1,u1_7,MERGED,2025-10-29T02:50:54Z,2025-10-30T21:50:54Z
pr-team_1-merged-4-58c2jw,Merged PR 4 for team_1,u1_7,MERGED,2025-11-03T08:50:54Z,2025-11-03T19:50:54Z
pr-team_2-open-1-bcw790,PR 1 for team_2,u2_9,OPEN,2025-10-27T21:50:54Z,NULL
pr-team_2-open-2-knftu2,PR 2 for team_2,u2_1,OPEN,2025-11-08T22:10:54Z,NULL
pr-team_2-open-3-qjja26,PR 3 for team_2,u2_4,OPEN,2025-10-16T19:43:54Z,NULL
pr-team_2-open-4-qk94dn,PR 4 for team_2,u2_5,OPEN,2025-10-31T07:46:54Z,NULL
pr-team_2-open-5-0361i2,PR 5 for team_2,u2_10,OPEN,2025-11-06T16:38:54Z,NULL
pr-team_2-open-6-ne6loh,PR 6 for team_2,u2_10,OPEN,2025-10-23T02:40:54Z,NULL
pr-team_2-open-7-qc1iyy,PR 7 for team_2,u2_2,OPEN,2025-10-29T13:46:54Z,NULL
pr-team_2-open-8-n0jnwn,PR 8 for team_2,u2_8,OPEN,2025-10-16T22:44:54Z,NULL
pr-team_2-merged-1-6kof8k,Merged PR 1 for team_2,u2_8,MERGED,2025-10-31T23:50:54Z,2025-11-01T12:50:54Z
pr-team_2-merged-2-x4w7ky,Merged PR 2 for team_2,u2_7,MERGED,2025-11-07T16:50:54Z,2025-11-10T01:50:54Z
pr-team_2-merged-3-ge4qxx,Merged PR 3 for team_2,u2_5,MERGED,2025-10-28T08:50:54Z,2025-10-28T15:50:54Z
pr-team_2-merged-4-h5lf6a,Merged PR 4 for team_2,u2_10,MERGED,2025-10-19T18:50:54Z,2025-10-20T11:50:54Z
pr-team_3-open-1-lgb0s0,PR 1 for team_3,u3_10,OPEN,2025-10-25T23:39:54Z,NULL
pr-team_3-open-2-b25sq8,PR 2 for team_3,u3_10,OPEN,2025-11-13T21:24:54Z,NULL
pr-team_3-open-3-6lfewv,PR 3 for team_3,u3_2,OPEN,2025-10-15T05:59:54Z,NULL
pr-team_3-open-4-2ex5t5,PR 4 for team_3,u3_2,OPEN,2025-10-28T02:05:54Z,NULL
pr-team_3-open-5-0llj8y,PR 5 for team_3,u3_7,OPEN,2025-10-26T01:49:54Z,NULL
pr-team_3-open-6-3uvule,PR 6 for team_3,u3_6,OPEN,2025-10-31T13:37:54Z,NULL
pr-team_3-open-7-dsfr4m,PR 7 for team_3,u3_6,OPEN,2025-10-22T08:15:54Z,NULL
pr-team_3-open-8-73jgzl,PR 8 for team_3,u3_10,OPEN,2025-11-01T04:40:54Z,NULL
pr-team_3-merged-1-fwb0hp,Merged PR 1 for team_3,u3_2,MERGED,2025-11-04T10:50:54Z,2025-11-06T10:50:54Z
pr-team_3-merged-2-1bcppv,Merged PR 2 for team_3,u3_3,MERGED,2025-11-02T03:50:54Z,2025-11-03T07:50:54Z
pr-team_3-merged-3-yvslh9,Merged PR 3 for team_3,u3_5,MERGED,2025-11-14T12:50:54Z,2025-11-15T15:50:54Z
pr-team_3-merged-4-a0gnzs,Merged PR 4 for team_3,u3_2,MERGED,2025-10-18T20:50:54Z,2025-10-20T18:50:54Z
pr-team_4-open-1-5uuzpe,PR 1 for team_4,u4_2,OPEN,2025-11-15T17:04:54Z,NULL
pr-team_4-open-2-poc50h,PR 2 for team_4,u4_4,OPEN,2025-11-09T00:12:54Z,NULL
pr-team_4-open-3-ifhv1x,PR 3 for team_4,u4_3,OPEN,2025-11-08T14:21:54Z,NULL
pr-team_4-open-4-fcpkjc,PR 4 for team_4,u4_6,OPEN,2025-10-24T13:42:54Z,NULL
pr-team_4-open-5-x9dvnu,PR 5 for team_4,u4_2,OPEN,2025-10-14T00:45:54Z,NULL
pr-team_4-open-6-349dxb,PR 6 for team_4,u4_2,OPEN,2025-10-15T10:56:54Z,NULL
pr-team_4-open-7-bwmlun,PR 7 for team_4,u4_10,OPEN,2025-11-05T04:36:54Z,NULL
pr-team_4-open-8-lxxezd,PR 8 for team_4,u4_6,OPEN,2025-10-22T05:21:54Z,NULL
pr-team_4-merged-1-nngh8r,Merged PR 1 for team_4,u4_9,MERGED,2025-11-08T15:50:54Z,2025-11-09T11:50:54Z
pr-team_4-merged-2-enf313,Merged PR 2 for team_4,u4_10,MERGED,2025-11-08T07:50:54Z,2025-11-10T16:50:54Z
pr-team_4-merged-3-ii826g,Merged PR 3 for team_4,u4_8,MERGED,2025-10-23T12:50:54Z,2025-10-25T21:50:54Z
pr-team_4-merged-4-ejx5td,Merged PR 4 for team_4,u4_10,MERGED,2025-10-19T07:50:54Z,2025-10-19T23:50:54Z
pr-team_5-open-1-d6357o,PR 1 for team_5,u5_7,OPEN,2025-10-29T14:48:54Z,NULL
pr-team_5-open-2-4x2ek3,PR 2 for team_5,u5_2,OPEN,2025-10-15T23:33:54Z,NULL
pr-team_5-open-3-t0sekk,PR 3 for team_5,u5_3,OPEN,2025-11-14T11:41:54Z,NULL
pr-team_5-open-4-kamugy,PR 4 for team_5,u5_3,OPEN,2025-10-23T20:03:54Z,NULL
pr-team_5-open-5-mcixdu,PR 5 for team_5,u5_1,OPEN,2025-10-13T05:21:54Z,NULL
pr-team_5-open-6-w3c1qk,PR 6 for team_5,u5_8,OPEN,2025-11-14T16:00:54Z,NULL
pr-team_5-open-7-k5bxj2,PR 7 for team_5,u5_4,OPEN,2025-10-27T18:34:54Z,NULL
pr-team_5-open-8-7s20cv,PR 8 for team_5,u5_6,OPEN,2025-11-08T10:44:54Z,NULL
pr-team_5-merged-1-zfpq06,Merged PR 1 for team_5,u5_10,MERGED,2025-10-26T14:50:54Z,2025-10-28T02:50:54Z
pr-team_5-merged-2-fv2bc2,Merged PR 2 for team_5,u5_1,MERGED,2025-11-03T02:50:54Z,2025-11-05T04:50:54Z
pr-team_5-merged-3-enlk8a,Merged PR 3 for team_5,u5_10,MERGED,2025-11-08T05:50:54Z,2025-11-11T00:50:54Z
pr-team_5-merged-4-hecgz9,Merged PR 4 for team_5,u5_8,MERGED,2025-10-20T01:50:54Z,2025-10-21T18:50:54Z
pr-team_6-open-1-sehe2a,PR 1 for team_6,u6_6,OPEN,2025-10-22T10:42:54Z,NULL
pr-team_6-open-2-9zs13c,PR 2 for team_6,u6_7,OPEN,2025-11-02T05:34:54Z,NULL
pr-team_6-open-3-p6beff,PR 3 for team_6,u6_3,OPEN,2025-11-01T23:25:54Z,NULL
pr-team_6-open-4-wwdxvu,PR 4 for team_6,u6_3,OPEN,2025-11-08T20:51:54Z,NULL
pr-team_6-open-5-jhuwb6,PR 5 for team_6,u6_10,OPEN,2025-10-22T19:56:54Z,NULL
pr-team_6-open-6-foqmf5,PR 6 for team_6,u6_1,OPEN,2025-11-02T03:04:54Z,NULL
pr-team_6-open-7-eqfb85,PR 7 for team_6,u6_8,OPEN,2025-10-28T15:08:54Z,NULL
pr-team_6-open-8-q5rdoq,PR 8 for team_6,u6_9,OPEN,2025-11-05T16:54:54Z,NULL
pr-team_6-merged-1-t4p501,Merged PR 1 for team_6,u6_5,MERGED,2025-11-03T10:50:54Z,2025-11-05T14:50:54Z
pr-team_6-merged-2-k9ye9o,Merged PR 2 for team_6,u6_9,MERGED,2025-10-19T05:50:54Z,2025-10-22T05:50:54Z
pr-team_6-merged-3-bz2sf6,Merged PR 3 for team_6,u6_1,MERGED,2025-11-10T12:50:54Z,2025-11-12T05:50:54Z
pr-team_6-merged-4-3ny9v2,Merged PR 4 for team_6,u6_8,MERGED,2025-10-23T13:50:54Z,2025-10-23T17:50:54Z
pr-team_7-open-1-rsz1n3,PR 1 for team_7,u7_10,OPEN,2025-11-05T15:18:54Z,NULL
pr-team_7-open-2-fyo175,PR 2 for team_7,u7_7,OPEN,2025-10-14T04:07:54Z,NULL
pr-team_7-open-3-slg6mm,PR 3 for team_7,u7_8,OPEN,2025-10-14T20:24:54Z,NULL
pr-team_7-open-4-791zyr,PR 4 for team_7,u7_4,OPEN,2025-10-25T19:46:54Z,NULL
pr-team_7-open-5-382kkz,PR 5 for team_7,u7_7,OPEN,2025-10-31T21:31:54Z,NULL
pr-team_7-open-6-zewviy,PR 6 for team_7,u7_9,OPEN,2025-10-23T11:48:54Z,NULL
pr-team_7-open-7-ye89fx,PR 7 for team_7,u7_2,OPEN,2025-10-26T00:15:54Z,NULL
pr-team_7-open-8-xi04b7,PR 8 for team_7,u7_2,OPEN,2025-10-28T15:24:54Z,NULL
pr-team_7-merged-1-aud9k9,Merged PR 1 for team_7,u7_1,MERGED,2025-10-27T07:50:54Z,2025-10-29T23:50:54Z
pr-team_7-merged-2-fqjg02,Merged PR 2 for team_7,u7_6,MERGED,2025-10-27T17:50:54Z,2025-10-28T18:50:54Z
pr-team_7-merged-3-gfliji,Merged PR 3 for team_7,u7_2,MERGED,2025-10-21T12:50:54Z,2025-10-23T07:50:54Z
pr-team_7-merged-4-celos6,Merged PR 4 for team_7,u7_4,MERGED,2025-10-24T14:50:54Z,2025-10-25T06:50:54Z
pr-team_8-open-1-f0votq,PR 1 for team_8,u8_8,OPEN,2025-10-23T04:44:54Z,NULL
pr-team_8-open-2-7e36ht,PR 2 for team_8,u8_2,OPEN,2025-11-09T04:07:54Z,NULL
pr-team_8-open-3-qsqcq3,PR 3 for team_8,u8_1,OPEN,2025-10-14T17:50:54Z,NULL
pr-team_8-open-4-ztc69q,PR 4 for team_8,u8_6,OPEN,2025-11-03T14:16:54Z,NULL
pr-team_8-open-5-e4e9oe,PR 5 for team_8,u8_9,OPEN,2025-11-06T12:36:54Z,NULL
pr-team_8-open-6-imj70e,PR 6 for team_8,u8_4,OPEN,2025-10-17T14:44:54Z,NULL
pr-team_8-open-7-vzb0oi,PR 7 for team_8,u8_8,OPEN,2025-11-06T18:32:54Z,NULL
pr-team_8-open-8-vylkfx,PR 8 for team_8,u8_10,OPEN,2025-11-06T14:24:54Z,NULL
pr-team_8-merged-1-r97y2l,Merged PR 1 for team_8,u8_9,MERGED,2025-11-02T06:50:54Z,2025-11-03T02:50:54Z
pr-team_8-merged-2-36u8ue,Merged PR 2 for team_8,u8_3,MERGED,2025-11-08T04:50:54Z,2025-11-09T07:50:54Z
pr-team_8-merged-3-yv5g10,Merged PR 3 for team_8,u8_7,MERGED,2025-10-27T19:50:54Z,2025-10-30T09:50:54Z
pr-team_8-merged-4-6zzoil,Merged PR 4 for team_8,u8_8,MERGED,2025-11-04T15:50:54Z,2025-11-07T03:50:54Z
pr-team_9-open-1-1lhlb5,PR 1 for team_9,u9_8,OPEN,2025-10-13T22:12:54Z,NULL
pr-team_9-open-2-ln4rxy,PR 2 for team_9,u9_4,OPEN,2025-11-04T22:46:54Z,NULL
pr-team_9-open-3-7txcb4,PR 3 for team_9,u9_3,OPEN,2025-10-17T05:58:54Z,NULL
pr-team_9-open-4-hqcw76,PR 4 for team_9,u9_1,OPEN,2025-10-17T15:44:54Z,NULL
pr-team_9-open-5-9a3y36,PR 5 for team_9,u9_9,OPEN,2025-11-11T18:57:54Z,NULL
pr-team_9-open-6-c8qizk,PR 6 for team_9,u9_7,OPEN,2025-11-12T23:47:54Z,NULL
pr-team_9-open-7-wzc4xl,PR 7 for team_9,u9_1,OPEN,2025-11-12T07:41:54Z,NULL
pr-team_9-open-8-yktxg4,PR 8 for team_9,u9_2,OPEN,2025-11-15T22:44:54Z,NULL
pr-team_9-merged-1-i4o6l1,Merged PR 1 for team_9,u9_10,MERGED,2025-11-11T06:50:54Z,2025-11-11T17:50:54Z
pr-team_9-merged-2-18o1bj,Merged PR 2 for team_9,u9_10,MERGED,2025-10-31T18:50:54Z,2025-11-02T00:50:54Z
pr-team_9-merged-3-zcfzw0,Merged PR 3 for team_9,u9_4,MERGED,2025-11-05T14:50:54Z,2025-11-06T04:50:54Z
pr-team_9-merged-4-pusddt,Merged PR 4 for team_9,u9_3,MERGED,2025-10-26T02:50:54Z,2025-10-27T20:50:54Z
pr-team_10-open-1-sygjjf,PR 1 for team_10,u10_10,OPEN,2025-11-09T01:12:54Z,NULL
pr-team_10-open-2-jiwvhd,PR 2 for team_10,u10_6,OPEN,2025-11-02T19:04:54Z,NULL
pr-team_10-open-3-p3xvkv,PR 3 for team_10,u10_6,OPEN,2025-10-16T00:24:54Z,NULL
pr-team_10-open-4-82lk2n,PR 4 for team_10,u10_8,OPEN,2025-10-21T23:58:54Z,NULL
pr-team_10-open-5-7h23c4,PR 5 for team_10,u10_8,OPEN,2025-10-29T00:57:54Z,NULL
pr-team_10-open-6-z2c9ro,PR 6 for team_10,u10_3,OPEN,2025-10-24T14:29:54Z,NULL
pr-team_10-open-7-1xmxb9,PR 7 for team_10,u10_2,OPEN,2025-10-16T19:52:54Z,NULL
pr-team_10-open-8-h0uyhn,PR 8 for team_10,u10_5,OPEN,2025-10-26T14:03:54Z,NULL
pr-team_10-merged-1-do8e7f,Merged PR 1 for team_10,u10_8,MERGED,2025-11-04T18:50:54Z,2025-11-07T05:50:54Z
pr-team_10-merged-2-pzlk3e,Merged PR 2 for team_10,u10_2,MERGED,2025-10-19T15:50:54Z,2025-10-20T05:50:54Z
pr-team_10-merged-3-u8iogx,Merged PR 3 for team_10,u10_6,MERGED,2025-11-02T23:50:54Z,2025-11-03T03:50:54Z
pr-team_10-merged-4-h13cd5,Merged PR 4 for team_10,u10_4,MERGED,2025-11-09T10:50:54Z,2025-11-11T04:50:54Z
pr-team_11-open-1-noemqg,PR 1 for team_11,u11_10,OPEN,2025-10-17T00:06:54Z,NULL
pr-team_11-open-2-kgyspe,PR 2 for team_11,u11_4,OPEN,2025-10-30T04:44:54Z,NULL
pr-team_11-open-3-kg4w58,PR 3 for team_11,u11_8,OPEN,2025-10-25T14:31:54Z,NULL
pr-team_11-open-4-zpgu2h,PR 4 for team_11,u11_7,OPEN,2025-11-15T04:08:54Z,NULL
pr-team_11-open-5-sujt9t,PR 5 for team_11,u11_9,OPEN,2025-10-13T05:14:54Z,NULL
pr-team_11-open-6-k9qm3p,PR 6 for team_11,u11_4,OPEN,2025-11-11T07:37:54Z,NULL
pr-team_11-open-7-w232ut,PR 7 for team_11,u11_3,OPEN,2025-10-20T11:55:54Z,NULL
pr-team_11-open-8-9yd827,PR 8 for team_11,u11_9,OPEN,2025-11-04T00:56:54Z,NULL
pr-team_11-merged-1-1yrujo,Merged PR 1 for team_11,u11_4,MERGED,2025-11-02T01:50:54Z,2025-11-02T13:50:54Z
pr-team_11-merged-2-u54d8w,Merged PR 2 for team_11,u11_6,MERGED,2025-10-24T19:50:54Z,2025-10-25T04:50:54Z
pr-team_11-merged-3-3muurm,Merged PR 3 for team_11,u11_6,MERGED,2025-10-26T08:50:54Z,2025-10-26T14:50:54Z
pr-team_11-merged-4-a8hyex,Merged PR 4 for team_11,u11_8,MERGED,2025-11-10T19:50:54Z,2025-11-11T07:50:54Z
pr-team_12-open-1-okzixz,PR 1 for team_12,u12_1,OPEN,2025-11-16T14:39:54Z,NULL
pr-team_12-open-2-yaz39p,PR 2 for team_12,u12_9,OPEN,2025-11-10T15:28:54Z,NULL
pr-team_12-open-3-l5e11e,PR 3 for team_12,u12_2,OPEN,2025-10-16T20:14:54Z,NULL
pr-team_12-open-4-mh07wp,PR 4 for team_12,u12_8,OPEN,2025-11-06T18:33:54Z,NULL
pr-team_12-open-5-8lfjdt,PR 5 for team_12,u12_6,OPEN,2025-10-20T08:28:54Z,NULL
pr-team_12-open-6-ss0kb6,PR 6 for team_12,u12_4,OPEN,2025-11-05T18:25:54Z,NULL
pr-team_12-open-7-5amln4,PR 7 for team_12,u12_9,OPEN,2025-10-28T12:09:54Z,NULL
pr-team_12-open-8-cjbc2s,PR 8 for team_12,u12_10,OPEN,2025-10-19T01:16:54Z,NULL
pr-team_12-merged-1-dc79fl,Merged PR 1 for team_12,u12_5,MERGED,2025-10-28T10:50:54Z,2025-10-28T19:50:54Z
pr-team_12-merged-2-7ewbxx,Merged PR 2 for team_12,u12_2,MERGED,2025-11-11T10:50:54Z,2025-11-11T12:50:54Z
pr-team_12-merged-3-s3jn05,Merged PR 3 for team_12,u12_9,MERGED,2025-10-24T08:50:54Z,2025-10-24T12:50:54Z
pr-team_12-merged-4-zucqmr,Merged PR 4 for team_12,u12_5,MERGED,2025-10-27T10:50:54Z,2025-10-29T10:50:54Z
pr-team_13-open-1-4abn7g,PR 1 for team_13,u13_1,OPEN,2025-11-15T01:13:54Z,NULL
pr-team_13-open-2-6l3uey,PR 2 for team_13,u13_7,OPEN,2025-11-14T06:19:54Z,NULL
pr-team_13-open-3-1ldqnk,PR 3 for team_13,u13_5,OPEN,2025-11-02T19:53:54Z,NULL
pr-team_13-open-4-0t2f7a,PR 4 for team_13,u13_4,OPEN,2025-10-23T00:20:54Z,NULL
pr-team_13-open-5-dtirc9,PR 5 for team_13,u13_5,OPEN,2025-10-15T06:32:54Z,NULL
pr-team_13-open-6-9dde3c,PR 6 for team_13,u13_8,OPEN,2025-10-21T19:38:54Z,NULL
pr-team_13-open-7-z0ljch,PR 7 for team_13,u13_7,OPEN,2025-10-21T01:11:54Z,NULL
pr-team_13-open-8-t8hlje,PR 8 for team_13,u13_2,OPEN,2025-11-09T11:41:54Z,NULL
pr-team_13-merged-1-dimsyj,Merged PR 1 for team_13,u13_3,MERGED,2025-11-09T11:50:54Z,2025-11-11T15:50:54Z
pr-team_13-merged-2-2fa39e,Merged PR 2 for team_13,u13_2,MERGED,2025-10-19T03:50:54Z,2025-10-21T03:50:54Z
pr-team_13-merged-3-hx3d43,Merged PR 3 for team_13,u13_2,MERGED,2025-11-11T02:50:54Z,2025-11-13T14:50:54Z
pr-team_13-merged-4-yghgk5,Merged PR 4 for team_13,u13_7,MERGED,2025-11-13T12:50:54Z,2025-11-14T20:50:54Z
pr-team_14-open-1-npx2i9,PR 1 for team_14,u14_5,OPEN,2025-10-22T22:01:54Z,NULL
pr-team_14-open-2-javb3k,PR 2 for team_14,u14_7,OPEN,2025-10-26T04:38:54Z,NULL
pr-team_14-open-3-u9n79g,PR 3 for team_14,u14_4,OPEN,2025-11-05T21:28:54Z,NULL
pr-team_14-open-4-tgbcva,PR 4 for team_14,u14_8,OPEN,2025-10-25T21:45:54Z,NULL
pr-team_14-open-5-fzfdsn,PR 5 for team_14,u14_1,OPEN,2025-11-13T08:37:54Z,NULL
pr-team_14-open-6-0pxrlz,PR 6 for team_14,u14_3,OPEN,2025-10-22T02:01:54Z,NULL
pr-team_14-open-7-e088o9,PR 7 for team_14,u14_5,OPEN,2025-10-21T20:00:54Z,NULL
pr-team_14-open-8-0i9g5d,PR 8 for team_14,u14_6,OPEN,2025-10-15T09:28:54Z,NULL
pr-team_14-merged-1-jdan08,Merged PR 1 for team_14,u14_6,MERGED,2025-10-16T10:50:54Z,2025-10-19T02:50:54Z
pr-team_14-merged-2-q2bajd,Merged PR 2 for team_14,u14_3,MERGED,2025-11-04T09:50:54Z,2025-11-06T10:50:54Z
pr-team_14-merged-3-7f6fdh,Merged PR 3 for team_14,u14_7,MERGED,2025-11-07T03:50:54Z,2025-11-10T02:50:54Z
pr-team_14-merged-4-u4fmpk,Merged PR 4 for team_14,u14_7,MERGED,2025-10-23T05:50:54Z,2025-10-25T19:50:54Z
pr-team_15-open-1-2q6jxn,PR 1 for team_15,u15_5,OPEN,2025-10-30T18:35:54Z,NULL
pr-team_15-open-2-ufzdy3,PR 2 for team_15,u15_5,OPEN,2025-10-28T19:39:54Z,NULL
pr-team_15-open-3-5rc6zs,PR 3 for team_15,u15_10,OPEN,2025-10-24T03:20:54Z,NULL
pr-team_15-open-4-bcyh3f,PR 4 for team_15,u15_3,OPEN,2025-10-20T13:53:54Z,NULL
pr-team_15-open-5-2wspof,PR 5 for team_15,u15_1,OPEN,2025-10-20T21:40:54Z,NULL
pr-team_15-open-6-xurgow,PR 6 for team_15,u15_7,OPEN,2025-10-16T16:13:54Z,NULL
pr-team_15-open-7-6a3kkr,PR 7 for team_15,u15_5,OPEN,2025-10-15T23:25:54Z,NULL
pr-team_15-open-8-xgh301,PR 8 for team_15,u15_10,OPEN,2025-10-30T15:26:54Z,NULL
pr-team_15-merged-1-g34iq7,Merged PR 1 for team_15,u15_3,MERGED,2025-10-23T21:50:54Z,2025-10-25T09:50:54Z
pr-team_15-merged-2-q8rtm4,Merged PR 2 for team_15,u15_10,MERGED,2025-11-07T04:50:54Z,2025-11-07T16:50:54Z
pr-team_15-merged-3-joa21a,Merged PR 3 for team_15,u15_4,MERGED,2025-10-17T12:50:54Z,2025-10-18T11:50:54Z
pr-team_15-merged-4-qhkswv,Merged PR 4 for team_15,u15_6,MERGED,2025-11-13T23:50:54Z,2025-11-15T23:50:54Z
pr-team_16-open-1-5jz6kf,PR 1 for team_16,u16_6,OPEN,2025-11-05T17:22:54Z,NULL
pr-team_16-open-2-o0u93m,PR 2 for team_16,u16_7,OPEN,2025-10-15T04:39:54Z,NULL
pr-team_16-open-3-dej31g,PR 3 for team_16,u16_5,OPEN,2025-10-16T17:25:54Z,NULL
pr-team_16-open-4-vqebwu,PR 4 for team_16,u16_5,OPEN,2025-10-19T09:55:54Z,NULL
pr-team_16-open-5-ehou6q,PR 5 for team_16,u16_3,OPEN,2025-11-02T06:16:54Z,NULL
pr-team_16-open-6-qh1uf2,PR 6 for team_16,u16_1,OPEN,2025-11-12T15:41:54Z,NULL
pr-team_16-open-7-hnal3g,PR 7 for team_16,u16_9,OPEN,2025-10-16T20:39:54Z,NULL
pr-team_16-open-8-vg3kk0,PR 8 for team_16,u16_9,OPEN,2025-10-20T12:27:54Z,NULL
pr-team_16-merged-1-i0e0vg,Merged PR 1 for team_16,u16_1,MERGED,2025-11-04T12:50:54Z,2025-11-04T17:50:54Z
pr-team_16-merged-2-pejzhy,Merged PR 2 for team_16,u16_7,MERGED,2025-11-14T00:50:54Z,2025-11-16T06:50:54Z
pr-team_16-merged-3-edhhjs,Merged PR 3 for team_16,u16_5,MERGED,2025-11-07T23:50:54Z,2025-11-10T04:50:54Z
pr-team_16-merged-4-y64yfd,Merged PR 4 for team_16,u16_1,MERGED,2025-10-31T00:50:54Z,2025-10-31T13:50:54Z
pr-team_17-open-1-4mype4,PR 1 for team_17,u17_1,OPEN,2025-11-14T13:43:54Z,NULL
pr-team_17-open-2-3go8jn,PR 2 for team_17,u17_6,OPEN,2025-10-25T21:28:54Z,NULL
pr-team_17-open-3-d6rupw,PR 3 for team_17,u17_3,OPEN,2025-10-31T08:09:54Z,NULL
pr-team_17-open-4-pcxa5s,PR 4 for team_17,u17_7,OPEN,2025-10-13T19:36:54Z,NULL
pr-team_17-open-5-myn4u9,PR 5 for team_17,u17_8,OPEN,2025-11-14T04:14:54Z,NULL
pr-team_17-open-6-i8bixo,PR 6 for team_17,u17_6,OPEN,2025-11-05T23:10:54Z,NULL
pr-team_17-open-7-erxdou,PR 7 for team_17,u17_6,OPEN,2025-11-16T15:39:54Z,NULL
pr-team_17-open-8-nbiquw,PR 8 for team_17,u17_6,OPEN,2025-10-26T03:03:54Z,NULL
pr-team_17-merged-1-m38ksz,Merged PR 1 for team_17,u17_1,MERGED,2025-11-12T18:50:54Z,2025-11-15T10:50:54Z
pr-team_17-merged-2-h3gm1b,Merged PR 2 for team_17,u17_7,MERGED,2025-10-26T02:50:54Z,2025-10-26T18:50:54Z
pr-team_17-merged-3-0tpv72,Merged PR 3 for team_17,u17_9,MERGED,2025-10-17T11:50:54Z,2025-10-18T10:50:54Z
pr-team_17-merged-4-961j88,Merged PR 4 for team_17,u17_7,MERGED,2025-11-01T17:50:54Z,2025-11-02T11:50:54Z
pr-team_18-open-1-whwkmy,PR 1 for team_18,u18_9,OPEN,2025-10-15T07:54:54Z,NULL
pr-team_18-open-2-k43saf,PR 2 for team_18,u18_9,OPEN,2025-10-17T03:45:54Z,NULL
pr-team_18-open-3-1b3d50,PR 3 for team_18,u18_4,OPEN,2025-11-06T10:50:54Z,NULL
pr-team_18-open-4-89ltaj,PR 4 for team_18,u18_7,OPEN,2025-10-19T10:01:54Z,NULL
pr-team_18-open-5-q9c80e,PR 5 for team_18,u18_5,OPEN,2025-11-14T19:27:54Z,NULL
pr-team_18-open-6-zfflb7,PR 6 for team_18,u18_8,OPEN,2025-10-19T15:26:54Z,NULL
pr-team_18-open-7-hgcsot,PR 7 for team_18,u18_9,OPEN,2025-11-12T11:25:54Z,NULL
pr-team_18-open-8-39ayq6,PR 8 for team_18,u18_9,OPEN,2025-10-19T17:31:54Z,NULL
pr-team_18-merged-1-63n2qb,Merged PR 1 for team_18,u18_1,MERGED,2025-10-17T18:50:54Z,2025-10-18T19:50:54Z
pr-team_18-merged-2-y15pdt,Merged PR 2 for team_18,u18_4,MERGED,2025-10-22T08:50:54Z,2025-10-24T16:50:54Z
pr-team_18-merged-3-db2uui,Merged PR 3 for team_18,u18_1,MERGED,2025-11-06T00:50:54Z,2025-11-08T02:50:54Z
pr-team_18-merged-4-azc0b4,Merged PR 4 for team_18,u18_9,MERGED,2025-11-04T09:50:54Z,2025-11-04T23:50:54Z
pr-team_19-open-1-fh024k,PR 1 for team_19,u19_8,OPEN,2025-10-18T19:18:54Z,NULL
pr-team_19-open-2-uotdh0,PR 2 for team_19,u19_1,OPEN,2025-10-14T14:55:54Z,NULL
pr-team_19-open-3-4gg244,PR 3 for team_19,u19_10,OPEN,2025-10-22T16:21:54Z,NULL
pr-team_19-open-4-rlexdw,PR 4 for team_19,u19_10,OPEN,2025-11-07T20:29:54Z,NULL
pr-team_19-open-5-8gl2zx,PR 5 for team_19,u19_6,OPEN,2025-11-04T01:38:54Z,NULL
pr-team_19-open-6-dxck36,PR 6 for team_19,u19_9,OPEN,2025-11-07T17:17:54Z,NULL
pr-team_19-open-7-hbj6tx,PR 7 for team_19,u19_10,OPEN,2025-11-09T21:30:54Z,NULL
pr-team_19-open-8-ai89y1,PR 8 for team_19,u19_9,OPEN,2025-11-10T06:31:54Z,NULL
pr-team_19-merged-1-1ijiys,Merged PR 1 for team_19,u19_4,MERGED,2025-10-20T02:50:54Z,2025-10-22T04:50:54Z
pr-team_19-merged-2-uunnv6,Merged PR 2 for team_19,u19_5,MERGED,2025-11-12T14:50:54Z,2025-11-13T23:50:54Z
pr-team_19-merged-3-a5pisk,Merged PR 3 for team_19,u19_10,MERGED,2025-11-11T13:50:54Z,2025-11-12T10:50:54Z
pr-team_19-merged-4-hf4abu,Merged PR 4 for team_19,u19_8,MERGED,2025-11-08T17:50:54Z,2025-11-11T11:50:54Z
